Workbook

Sheet Projekte
A1: Pre-Sales Bonus Tracker – Projektübersicht
A2: Robin Werner | Bonus-Rate: 2% vom Stundensatz pro gebuchter Stunde
A4: Projekt-ID | B4: Projektname | C4: Kunde | D4: Deal Value (€) | E4: Budget Stunden | F4: Stundensatz (€) | G4: Bonus-Rate | H4: Bonus/Stunde (€) | I4: Status | J4: Start-Datum
A5: 430980254956 | B5: Thees - Azure Migration Advisory & Implement | C5: Thees | D5: 4800 | E5: 40 | F5: =IF(E5>0,D5/E5,0) -> 120 | G5: 0.02 | H5: =F5*G5 -> 2.4 | I5: Aktiv
F6: =IF(E6>0,D6/E6,0) -> 0 | G6: 0.02 | H6: =F6*G6 -> 0
F7: =IF(E7>0,D7/E7,0) -> 0 | G7: 0.02 | H7: =F7*G7 -> 0
F8: =IF(E8>0,D8/E8,0) -> 0 | G8: 0.02 | H8: =F8*G8 -> 0
F9: =IF(E9>0,D9/E9,0) -> 0 | G9: 0.02 | H9: =F9*G9 -> 0
F10: =IF(E10>0,D10/E10,0) -> 0 | G10: 0.02 | H10: =F10*G10 -> 0
F11: =IF(E11>0,D11/E11,0) -> 0 | G11: 0.02 | H11: =F11*G11 -> 0
F12: =IF(E12>0,D12/E12,0) -> 0 | G12: 0.02 | H12: =F12*G12 -> 0
F13: =IF(E13>0,D13/E13,0) -> 0 | G13: 0.02 | H13: =F13*G13 -> 0
F14: =IF(E14>0,D14/E14,0) -> 0 | G14: 0.02 | H14: =F14*G14 -> 0
F15: =IF(E15>0,D15/E15,0) -> 0 | G15: 0.02 | H15: =F15*G15 -> 0
F16: =IF(E16>0,D16/E16,0) -> 0 | G16: 0.02 | H16: =F16*G16 -> 0
F17: =IF(E17>0,D17/E17,0) -> 0 | G17: 0.02 | H17: =F17*G17 -> 0
... F24: =IF(E24>0,D24/E24,0) -> 0 | G24: 0.02 | H24: =F24*G24 -> 0

Sheet Clockify Import
A1: Clockify Import – Detaillierter Report
A2: Detaillierten Clockify-Export hier einfügen. Spalte G (Monat) und H (Projekt-Match) werden automatisch befüllt.
A4: Projekt (Clockify) | B4: Kunde | C4: Beschreibung | D4: Mitarbeiter | E4: Datum | F4: Dauer (dezimal) | G4: Monat (JJJJ-MM) | H4: Projekt-Match | I4: Projekt-ID (Match)
A5: Thees - Azure Migration Advisory & Implement - 430980254956 | B5: Thees | D5: Montserrat Graell | E5: 46072 | F5: 3 | G5: =IF(E5="","",YEAR(E5)&"-"&TEXT(MONTH(E5),"00")) -> 2026-02 | H5: =IFERROR(INDEX(Projekte!B$5:B$24,MATCH(1,INDEX((ISNUMBER(SEARCH(Projekte!A$5:A$24,A5)))*(Projekte!A$5:A$24<>""),0),0)),"Kein Match") -> Thees - Azure Migration Advisory & Implement | I5: =IFERROR(INDEX(Projekte!A$5:A$24,MATCH(1,INDEX((ISNUMBER(SEARCH(Projekte!A$5:A$24,A5)))*(Projekte!A$5:A$24<>""),0),0)),"Kein Match") -> 430980254956
A6: Thees - Azure Migration Advisory & Implement - 430980254956 | B6: Thees | D6: Montserrat Graell | E6: 46071 | F6: 3 | G6: =IF(E6="","",YEAR(E6)&"-"&TEXT(MONTH(E6),"00")) -> 2026-02 | H6: =IFERROR(INDEX(Projekte!B$5:B$24,MATCH(1,INDEX((ISNUMBER(SEARCH(Projekte!A$5:A$24,A6)))*(Projekte!A$5:A$24<>""),0),0)),"Kein Match") -> Thees - Azure Migration Advisory & Implement | I6: =IFERROR(INDEX(Projekte!A$5:A$24,MATCH(1,INDEX((ISNUMBER(SEARCH(Projekte!A$5:A$24,A6)))*(Projekte!A$5:A$24<>""),0),0)),"Kein Match") -> 430980254956
A7: Thees - Azure Migration Advisory & Implement - 430980254956 | B7: Thees | D7: Montserrat Graell | E7: 46070 | F7: 3 | G7: =IF(E7="","",YEAR(E7)&"-"&TEXT(MONTH(E7),"00")) -> 2026-02 | H7: =IFERROR(INDEX(Projekte!B$5:B$24,MATCH(1,INDEX((ISNUMBER(SEARCH(Projekte!A$5:A$24,A7)))*(Projekte!A$5:A$24<>""),0),0)),"Kein Match") -> Thees - Azure Migration Advisory & Implement | I7: =IFERROR(INDEX(Projekte!A$5:A$24,MATCH(1,INDEX((ISNUMBER(SEARCH(Projekte!A$5:A$24,A7)))*(Projekte!A$5:A$24<>""),0),0)),"Kein Match") -> 430980254956
A8: Thees - Azure Migration Advisory & Implement - 430980254956 | B8: Thees | D8: Montserrat Graell | E8: 46069 | F8: 3 | G8: =IF(E8="","",YEAR(E8)&"-"&TEXT(MONTH(E8),"00")) -> 2026-02 | H8: =IFERROR(INDEX(Projekte!B$5:B$24,MATCH(1,INDEX((ISNUMBER(SEARCH(Projekte!A$5:A$24,A8)))*(Projekte!A$5:A$24<>""),0),0)),"Kein Match") -> Thees - Azure Migration Advisory & Implement | I8: =IFERROR(INDEX(Projekte!A$5:A$24,MATCH(1,INDEX((ISNUMBER(SEARCH(Projekte!A$5:A$24,A8)))*(Projekte!A$5:A$24<>""),0),0)),"Kein Match") -> 430980254956
A9: Thees - Azure Migration Advisory & Implement - 430980254956 | B9: Thees | D9: Montserrat Graell | E9: 46066 | F9: 2 | G9: =IF(E9="","",YEAR(E9)&"-"&TEXT(MONTH(E9),"00")) -> 2026-02 | H9: =IFERROR(INDEX(Projekte!B$5:B$24,MATCH(1,INDEX((ISNUMBER(SEARCH(Projekte!A$5:A$24,A9)))*(Projekte!A$5:A$24<>""),0),0)),"Kein Match") -> Thees - Azure Migration Advisory & Implement | I9: =IFERROR(INDEX(Projekte!A$5:A$24,MATCH(1,INDEX((ISNUMBER(SEARCH(Projekte!A$5:A$24,A9)))*(Projekte!A$5:A$24<>""),0),0)),"Kein Match") -> 430980254956
A10: Thees - Azure Migration Advisory & Implement - 430980254956 | B10: Thees | D10: Montserrat Graell | E10: 46064 | F10: 3 | G10: =IF(E10="","",YEAR(E10)&"-"&TEXT(MONTH(E10),"00")) -> 2026-02 | H10: =IFERROR(INDEX(Projekte!B$5:B$24,MATCH(1,INDEX((ISNUMBER(SEARCH(Projekte!A$5:A$24,A10)))*(Projekte!A$5:A$24<>""),0),0)),"Kein Match") -> Thees - Azure Migration Advisory & Implement | I10: =IFERROR(INDEX(Projekte!A$5:A$24,MATCH(1,INDEX((ISNUMBER(SEARCH(Projekte!A$5:A$24,A10)))*(Projekte!A$5:A$24<>""),0),0)),"Kein Match") -> 430980254956
A11: Thees - Azure Migration Advisory & Implement - 430980254956 | B11: Thees | D11: Montserrat Graell | E11: 46062 | F11: 3 | G11: =IF(E11="","",YEAR(E11)&"-"&TEXT(MONTH(E11),"00")) -> 2026-02 | H11: =IFERROR(INDEX(Projekte!B$5:B$24,MATCH(1,INDEX((ISNUMBER(SEARCH(Projekte!A$5:A$24,A11)))*(Projekte!A$5:A$24<>""),0),0)),"Kein Match") -> Thees - Azure Migration Advisory & Implement | I11: =IFERROR(INDEX(Projekte!A$5:A$24,MATCH(1,INDEX((ISNUMBER(SEARCH(Projekte!A$5:A$24,A11)))*(Projekte!A$5:A$24<>""),0),0)),"Kein Match") -> 430980254956
A12: Thees - Azure Migration Advisory & Implement - 430980254956 | B12: Thees | D12: Montserrat Graell | E12: 46059 | F12: 4 | G12: =IF(E12="","",YEAR(E12)&"-"&TEXT(MONTH(E12),"00")) -> 2026-02 | H12: =IFERROR(INDEX(Projekte!B$5:B$24,MATCH(1,INDEX((ISNUMBER(SEARCH(Projekte!A$5:A$24,A12)))*(Projekte!A$5:A$24<>""),0),0)),"Kein Match") -> Thees - Azure Migration Advisory & Implement | I12: =IFERROR(INDEX(Projekte!A$5:A$24,MATCH(1,INDEX((ISNUMBER(SEARCH(Projekte!A$5:A$24,A12)))*(Projekte!A$5:A$24<>""),0),0)),"Kein Match") -> 430980254956
A13: Thees - Azure Migration Advisory & Implement - 430980254956 | B13: Thees | D13: Montserrat Graell | E13: 46058 | F13: 4 | G13: =IF(E13="","",YEAR(E13)&"-"&TEXT(MONTH(E13),"00")) -> 2026-02 | H13: =IFERROR(INDEX(Projekte!B$5:B$24,MATCH(1,INDEX((ISNUMBER(SEARCH(Projekte!A$5:A$24,A13)))*(Projekte!A$5:A$24<>""),0),0)),"Kein Match") -> Thees - Azure Migration Advisory & Implement | I13: =IFERROR(INDEX(Projekte!A$5:A$24,MATCH(1,INDEX((ISNUMBER(SEARCH(Projekte!A$5:A$24,A13)))*(Projekte!A$5:A$24<>""),0),0)),"Kein Match") -> 430980254956
A14: Thees - Azure Migration Advisory & Implement - 430980254956 | B14: Thees | D14: Montserrat Graell | E14: 46057 | F14: 4 | G14: =IF(E14="","",YEAR(E14)&"-"&TEXT(MONTH(E14),"00")) -> 2026-02 | H14: =IFERROR(INDEX(Projekte!B$5:B$24,MATCH(1,INDEX((ISNUMBER(SEARCH(Projekte!A$5:A$24,A14)))*(Projekte!A$5:A$24<>""),0),0)),"Kein Match") -> Thees - Azure Migration Advisory & Implement | I14: =IFERROR(INDEX(Projekte!A$5:A$24,MATCH(1,INDEX((ISNUMBER(SEARCH(Projekte!A$5:A$24,A14)))*(Projekte!A$5:A$24<>""),0),0)),"Kein Match") -> 430980254956
A15: Thees - Azure Migration Advisory & Implement - 430980254956 | B15: Thees | D15: Montserrat Graell | E15: 46056 | F15: 4 | G15: =IF(E15="","",YEAR(E15)&"-"&TEXT(MONTH(E15),"00")) -> 2026-02 | H15: =IFERROR(INDEX(Projekte!B$5:B$24,MATCH(1,INDEX((ISNUMBER(SEARCH(Projekte!A$5:A$24,A15)))*(Projekte!A$5:A$24<>""),0),0)),"Kein Match") -> Thees - Azure Migration Advisory & Implement | I15: =IFERROR(INDEX(Projekte!A$5:A$24,MATCH(1,INDEX((ISNUMBER(SEARCH(Projekte!A$5:A$24,A15)))*(Projekte!A$5:A$24<>""),0),0)),"Kein Match") -> 430980254956
A16: Thees - Azure Migration Advisory & Implement - 430980254956 | B16: Thees | D16: Montserrat Graell | E16: 46055 | F16: 4 | G16: =IF(E16="","",YEAR(E16)&"-"&TEXT(MONTH(E16),"00")) -> 2026-02 | H16: =IFERROR(INDEX(Projekte!B$5:B$24,MATCH(1,INDEX((ISNUMBER(SEARCH(Projekte!A$5:A$24,A16)))*(Projekte!A$5:A$24<>""),0),0)),"Kein Match") -> Thees - Azure Migration Advisory & Implement | I16: =IFERROR(INDEX(Projekte!A$5:A$24,MATCH(1,INDEX((ISNUMBER(SEARCH(Projekte!A$5:A$24,A16)))*(Projekte!A$5:A$24<>""),0),0)),"Kein Match") -> 430980254956
G17: =IF(E17="","",YEAR(E17)&"-"&TEXT(MONTH(E17),"00")) | H17: =IFERROR(INDEX(Projekte!B$5:B$24,MATCH(1,INDEX((ISNUMBER(SEARCH(Projekte!A$5:A$24,A17)))*(Projekte!A$5:A$24<>""),0),0)),"Kein Match") -> Kein Match | I17: =IFERROR(INDEX(Projekte!A$5:A$24,MATCH(1,INDEX((ISNUMBER(SEARCH(Projekte!A$5:A$24,A17)))*(Projekte!A$5:A$24<>""),0),0)),"Kein Match") -> Kein Match
G18: =IF(E18="","",YEAR(E18)&"-"&TEXT(MONTH(E18),"00")) | H18: =IFERROR(INDEX(Projekte!B$5:B$24,MATCH(1,INDEX((ISNUMBER(SEARCH(Projekte!A$5:A$24,A18)))*(Projekte!A$5:A$24<>""),0),0)),"Kein Match") -> Kein Match | I18: =IFERROR(INDEX(Projekte!A$5:A$24,MATCH(1,INDEX((ISNUMBER(SEARCH(Projekte!A$5:A$24,A18)))*(Projekte!A$5:A$24<>""),0),0)),"Kein Match") -> Kein Match
G19: =IF(E19="","",YEAR(E19)&"-"&TEXT(MONTH(E19),"00")) | H19: =IFERROR(INDEX(Projekte!B$5:B$24,MATCH(1,INDEX((ISNUMBER(SEARCH(Projekte!A$5:A$24,A19)))*(Projekte!A$5:A$24<>""),0),0)),"Kein Match") -> Kein Match | I19: =IFERROR(INDEX(Projekte!A$5:A$24,MATCH(1,INDEX((ISNUMBER(SEARCH(Projekte!A$5:A$24,A19)))*(Projekte!A$5:A$24<>""),0),0)),"Kein Match") -> Kein Match
G20: =IF(E20="","",YEAR(E20)&"-"&TEXT(MONTH(E20),"00")) | H20: =IFERROR(INDEX(Projekte!B$5:B$24,MATCH(1,INDEX((ISNUMBER(SEARCH(Projekte!A$5:A$24,A20)))*(Projekte!A$5:A$24<>""),0),0)),"Kein Match") -> Kein Match | I20: =IFERROR(INDEX(Projekte!A$5:A$24,MATCH(1,INDEX((ISNUMBER(SEARCH(Projekte!A$5:A$24,A20)))*(Projekte!A$5:A$24<>""),0),0)),"Kein Match") -> Kein Match
G21: =IF(E21="","",YEAR(E21)&"-"&TEXT(MONTH(E21),"00")) | H21: =IFERROR(INDEX(Projekte!B$5:B$24,MATCH(1,INDEX((ISNUMBER(SEARCH(Projekte!A$5:A$24,A21)))*(Projekte!A$5:A$24<>""),0),0)),"Kein Match") -> Kein Match | I21: =IFERROR(INDEX(Projekte!A$5:A$24,MATCH(1,INDEX((ISNUMBER(SEARCH(Projekte!A$5:A$24,A21)))*(Projekte!A$5:A$24<>""),0),0)),"Kein Match") -> Kein Match
G22: =IF(E22="","",YEAR(E22)&"-"&TEXT(MONTH(E22),"00")) | H22: =IFERROR(INDEX(Projekte!B$5:B$24,MATCH(1,INDEX((ISNUMBER(SEARCH(Projekte!A$5:A$24,A22)))*(Projekte!A$5:A$24<>""),0),0)),"Kein Match") -> Kein Match | I22: =IFERROR(INDEX(Projekte!A$5:A$24,MATCH(1,INDEX((ISNUMBER(SEARCH(Projekte!A$5:A$24,A22)))*(Projekte!A$5:A$24<>""),0),0)),"Kein Match") -> Kein Match
G23: =IF(E23="","",YEAR(E23)&"-"&TEXT(MONTH(E23),"00")) | H23: =IFERROR(INDEX(Projekte!B$5:B$24,MATCH(1,INDEX((ISNUMBER(SEARCH(Projekte!A$5:A$24,A23)))*(Projekte!A$5:A$24<>""),0),0)),"Kein Match") -> Kein Match | I23: =IFERROR(INDEX(Projekte!A$5:A$24,MATCH(1,INDEX((ISNUMBER(SEARCH(Projekte!A$5:A$24,A23)))*(Projekte!A$5:A$24<>""),0),0)),"Kein Match") -> Kein Match
G24: =IF(E24="","",YEAR(E24)&"-"&TEXT(MONTH(E24),"00")) | H24: =IFERROR(INDEX(Projekte!B$5:B$24,MATCH(1,INDEX((ISNUMBER(SEARCH(Projekte!A$5:A$24,A24)))*(Projekte!A$5:A$24<>""),0),0)),"Kein Match") -> Kein Match | I24: =IFERROR(INDEX(Projekte!A$5:A$24,MATCH(1,INDEX((ISNUMBER(SEARCH(Projekte!A$5:A$24,A24)))*(Projekte!A$5:A$24<>""),0),0)),"Kein Match") -> Kein Match
G25: =IF(E25="","",YEAR(E25)&"-"&TEXT(MONTH(E25),"00")) | H25: =IFERROR(INDEX(Projekte!B$5:B$24,MATCH(1,INDEX((ISNUMBER(SEARCH(Projekte!A$5:A$24,A25)))*(Projekte!A$5:A$24<>""),0),0)),"Kein Match") -> Kein Match | I25: =IFERROR(INDEX(Projekte!A$5:A$24,MATCH(1,INDEX((ISNUMBER(SEARCH(Projekte!A$5:A$24,A25)))*(Projekte!A$5:A$24<>""),0),0)),"Kein Match") -> Kein Match
G26: =IF(E26="","",YEAR(E26)&"-"&TEXT(MONTH(E26),"00")) | H26: =IFERROR(INDEX(Projekte!B$5:B$24,MATCH(1,INDEX((ISNUMBER(SEARCH(Projekte!A$5:A$24,A26)))*(Projekte!A$5:A$24<>""),0),0)),"Kein Match") -> Kein Match | I26: =IFERROR(INDEX(Projekte!A$5:A$24,MATCH(1,INDEX((ISNUMBER(SEARCH(Projekte!A$5:A$24,A26)))*(Projekte!A$5:A$24<>""),0),0)),"Kein Match") -> Kein Match
G27: =IF(E27="","",YEAR(E27)&"-"&TEXT(MONTH(E27),"00")) | H27: =IFERROR(INDEX(Projekte!B$5:B$24,MATCH(1,INDEX((ISNUMBER(SEARCH(Projekte!A$5:A$24,A27)))*(Projekte!A$5:A$24<>""),0),0)),"Kein Match") -> Kein Match | I27: =IFERROR(INDEX(Projekte!A$5:A$24,MATCH(1,INDEX((ISNUMBER(SEARCH(Projekte!A$5:A$24,A27)))*(Projekte!A$5:A$24<>""),0),0)),"Kein Match") -> Kein Match
G28: =IF(E28="","",YEAR(E28)&"-"&TEXT(MONTH(E28),"00")) | H28: =IFERROR(INDEX(Projekte!B$5:B$24,MATCH(1,INDEX((ISNUMBER(SEARCH(Projekte!A$5:A$24,A28)))*(Projekte!A$5:A$24<>""),0),0)),"Kein Match") -> Kein Match | I28: =IFERROR(INDEX(Projekte!A$5:A$24,MATCH(1,INDEX((ISNUMBER(SEARCH(Projekte!A$5:A$24,A28)))*(Projekte!A$5:A$24<>""),0),0)),"Kein Match") -> Kein Match
... G216: =IF(E216="","",YEAR(E216)&"-"&TEXT(MONTH(E216),"00")) | H216: =IFERROR(INDEX(Projekte!B$5:B$24,MATCH(1,INDEX((ISNUMBER(SEARCH(Projekte!A$5:A$24,A216)))*(Projekte!A$5:A$24<>""),0),0)),"Kein Match") -> Kein Match | I216: =IFERROR(INDEX(Projekte!A$5:A$24,MATCH(1,INDEX((ISNUMBER(SEARCH(Projekte!A$5:A$24,A216)))*(Projekte!A$5:A$24<>""),0),0)),"Kein Match") -> Kein Match

Sheet Finance Report
A1: Pre-Sales Bonus – Monatliche Abrechnung
A2: Robin Werner | Bonusvereinbarung: 2% vom Stundensatz je gebuchter Stunde
A5: Monat | B5: Gebuchte Stunden | C5: Bonus (€) | D5: Kumuliert (€)
A6: Januar | B6: =SUMPRODUCT(('Clockify Import'!G$5:G$216="2026-01")*'Clockify Import'!F$5:F$216) -> 0 | C6: =SUMPRODUCT(('Clockify Import'!G$5:G$216="2026-01")*('Clockify Import'!A$5:A$216<>"")*'Clockify Import'!F$5:F$216*IFERROR(INDEX(Projekte!$H$5:$H$24,MATCH('Clockify Import'!I$5:I$216,Projekte!$A$5:$A$24,0)),0)) -> 0 | D6: =C6 -> 0
A7: Februar | B7: =SUMPRODUCT(('Clockify Import'!G$5:G$216="2026-02")*'Clockify Import'!F$5:F$216) -> 40 | C7: =SUMPRODUCT(('Clockify Import'!G$5:G$216="2026-02")*('Clockify Import'!A$5:A$216<>"")*'Clockify Import'!F$5:F$216*IFERROR(INDEX(Projekte!$H$5:$H$24,MATCH('Clockify Import'!I$5:I$216,Projekte!$A$5:$A$24,0)),0)) -> 96 | D7: =D6+C7 -> 96
A8: März | B8: =SUMPRODUCT(('Clockify Import'!G$5:G$216="2026-03")*'Clockify Import'!F$5:F$216) -> 0 | C8: =SUMPRODUCT(('Clockify Import'!G$5:G$216="2026-03")*('Clockify Import'!A$5:A$216<>"")*'Clockify Import'!F$5:F$216*IFERROR(INDEX(Projekte!$H$5:$H$24,MATCH('Clockify Import'!I$5:I$216,Projekte!$A$5:$A$24,0)),0)) -> 0 | D8: =D7+C8 -> 96
A9: April | B9: =SUMPRODUCT(('Clockify Import'!G$5:G$216="2026-04")*'Clockify Import'!F$5:F$216) -> 0 | C9: =SUMPRODUCT(('Clockify Import'!G$5:G$216="2026-04")*('Clockify Import'!A$5:A$216<>"")*'Clockify Import'!F$5:F$216*IFERROR(INDEX(Projekte!$H$5:$H$24,MATCH('Clockify Import'!I$5:I$216,Projekte!$A$5:$A$24,0)),0)) -> 0 | D9: =D8+C9 -> 96
A10: Mai | B10: =SUMPRODUCT(('Clockify Import'!G$5:G$216="2026-05")*'Clockify Import'!F$5:F$216) -> 0 | C10: =SUMPRODUCT(('Clockify Import'!G$5:G$216="2026-05")*('Clockify Import'!A$5:A$216<>"")*'Clockify Import'!F$5:F$216*IFERROR(INDEX(Projekte!$H$5:$H$24,MATCH('Clockify Import'!I$5:I$216,Projekte!$A$5:$A$24,0)),0)) -> 0 | D10: =D9+C10 -> 96
A11: Juni | B11: =SUMPRODUCT(('Clockify Import'!G$5:G$216="2026-06")*'Clockify Import'!F$5:F$216) -> 0 | C11: =SUMPRODUCT(('Clockify Import'!G$5:G$216="2026-06")*('Clockify Import'!A$5:A$216<>"")*'Clockify Import'!F$5:F$216*IFERROR(INDEX(Projekte!$H$5:$H$24,MATCH('Clockify Import'!I$5:I$216,Projekte!$A$5:$A$24,0)),0)) -> 0 | D11: =D10+C11 -> 96
A12: Juli | B12: =SUMPRODUCT(('Clockify Import'!G$5:G$216="2026-07")*'Clockify Import'!F$5:F$216) -> 0 | C12: =SUMPRODUCT(('Clockify Import'!G$5:G$216="2026-07")*('Clockify Import'!A$5:A$216<>"")*'Clockify Import'!F$5:F$216*IFERROR(INDEX(Projekte!$H$5:$H$24,MATCH('Clockify Import'!I$5:I$216,Projekte!$A$5:$A$24,0)),0)) -> 0 | D12: =D11+C12 -> 96
A13: August | B13: =SUMPRODUCT(('Clockify Import'!G$5:G$216="2026-08")*'Clockify Import'!F$5:F$216) -> 0 | C13: =SUMPRODUCT(('Clockify Import'!G$5:G$216="2026-08")*('Clockify Import'!A$5:A$216<>"")*'Clockify Import'!F$5:F$216*IFERROR(INDEX(Projekte!$H$5:$H$24,MATCH('Clockify Import'!I$5:I$216,Projekte!$A$5:$A$24,0)),0)) -> 0 | D13: =D12+C13 -> 96
A14: September | B14: =SUMPRODUCT(('Clockify Import'!G$5:G$216="2026-09")*'Clockify Import'!F$5:F$216) -> 0 | C14: =SUMPRODUCT(('Clockify Import'!G$5:G$216="2026-09")*('Clockify Import'!A$5:A$216<>"")*'Clockify Import'!F$5:F$216*IFERROR(INDEX(Projekte!$H$5:$H$24,MATCH('Clockify Import'!I$5:I$216,Projekte!$A$5:$A$24,0)),0)) -> 0 | D14: =D13+C14 -> 96
A15: Oktober | B15: =SUMPRODUCT(('Clockify Import'!G$5:G$216="2026-10")*'Clockify Import'!F$5:F$216) -> 0 | C15: =SUMPRODUCT(('Clockify Import'!G$5:G$216="2026-10")*('Clockify Import'!A$5:A$216<>"")*'Clockify Import'!F$5:F$216*IFERROR(INDEX(Projekte!$H$5:$H$24,MATCH('Clockify Import'!I$5:I$216,Projekte!$A$5:$A$24,0)),0)) -> 0 | D15: =D14+C15 -> 96
A16: November | B16: =SUMPRODUCT(('Clockify Import'!G$5:G$216="2026-11")*'Clockify Import'!F$5:F$216) -> 0 | C16: =SUMPRODUCT(('Clockify Import'!G$5:G$216="2026-11")*('Clockify Import'!A$5:A$216<>"")*'Clockify Import'!F$5:F$216*IFERROR(INDEX(Projekte!$H$5:$H$24,MATCH('Clockify Import'!I$5:I$216,Projekte!$A$5:$A$24,0)),0)) -> 0 | D16: =D15+C16 -> 96
A17: Dezember | B17: =SUMPRODUCT(('Clockify Import'!G$5:G$216="2026-12")*'Clockify Import'!F$5:F$216) -> 0 | C17: =SUMPRODUCT(('Clockify Import'!G$5:G$216="2026-12")*('Clockify Import'!A$5:A$216<>"")*'Clockify Import'!F$5:F$216*IFERROR(INDEX(Projekte!$H$5:$H$24,MATCH('Clockify Import'!I$5:I$216,Projekte!$A$5:$A$24,0)),0)) -> 0 | D17: =D16+C17 -> 96
A18: GESAMT 2026 | B18: =SUM(B6:B17) -> 40 | C18: =SUM(C6:C17) -> 96 | D18: =D17 -> 96
A20: Erstellt am: | B20: =TODAY() -> 46077
A21: Hinweis: Bonus berechnet sich als Stundensatz × 2% × gebuchte Stunden pro Projekt.

Sheet Restliche Stunden
A1: Projektstunden – Budget vs. Verbraucht
A3: Projekt | B3: Kunde | C3: Status | D3: Budget Stunden | E3: Verbrauchte Stunden | F3: Restliche Stunden | G3: Auslastung (%)
A4: =IF(Projekte!B5="","",Projekte!B5) -> Thees - Azure Migration Advisory & Implement | B4: =IF(Projekte!C5="","",Projekte!C5) -> Thees | C4: =IF(A4="","",Projekte!I5) -> Aktiv | D4: =IF(A4="","",Projekte!E5) -> 40 | E4: =IF(A4="",0,SUMPRODUCT(('Clockify Import'!H$5:H$216=A4)*'Clockify Import'!F$5:F$216)) -> 40 | F4: =IF(A4="","",D4-E4) -> 0 | G4: =IF(OR(A4="",D4=0,D4=""),0,E4/D4) -> 1
A5: =IF(Projekte!B6="","",Projekte!B6) | B5: =IF(Projekte!C6="","",Projekte!C6) | C5: =IF(A5="","",Projekte!I6) | D5: =IF(A5="","",Projekte!E6) | E5: =IF(A5="",0,SUMPRODUCT(('Clockify Import'!H$5:H$216=A5)*'Clockify Import'!F$5:F$216)) -> 0 | F5: =IF(A5="","",D5-E5) | G5: =IF(OR(A5="",D5=0,D5=""),0,E5/D5) -> 0
A6: =IF(Projekte!B7="","",Projekte!B7) | B6: =IF(Projekte!C7="","",Projekte!C7) | C6: =IF(A6="","",Projekte!I7) | D6: =IF(A6="","",Projekte!E7) | E6: =IF(A6="",0,SUMPRODUCT(('Clockify Import'!H$5:H$216=A6)*'Clockify Import'!F$5:F$216)) -> 0 | F6: =IF(A6="","",D6-E6) | G6: =IF(OR(A6="",D6=0,D6=""),0,E6/D6) -> 0
A7: =IF(Projekte!B8="","",Projekte!B8) | B7: =IF(Projekte!C8="","",Projekte!C8) | C7: =IF(A7="","",Projekte!I8) | D7: =IF(A7="","",Projekte!E8) | E7: =IF(A7="",0,SUMPRODUCT(('Clockify Import'!H$5:H$216=A7)*'Clockify Import'!F$5:F$216)) -> 0 | F7: =IF(A7="","",D7-E7) | G7: =IF(OR(A7="",D7=0,D7=""),0,E7/D7) -> 0
A8: =IF(Projekte!B9="","",Projekte!B9) | B8: =IF(Projekte!C9="","",Projekte!C9) | C8: =IF(A8="","",Projekte!I9) | D8: =IF(A8="","",Projekte!E9) | E8: =IF(A8="",0,SUMPRODUCT(('Clockify Import'!H$5:H$216=A8)*'Clockify Import'!F$5:F$216)) -> 0 | F8: =IF(A8="","",D8-E8) | G8: =IF(OR(A8="",D8=0,D8=""),0,E8/D8) -> 0
A9: =IF(Projekte!B10="","",Projekte!B10) | B9: =IF(Projekte!C10="","",Projekte!C10) | C9: =IF(A9="","",Projekte!I10) | D9: =IF(A9="","",Projekte!E10) | E9: =IF(A9="",0,SUMPRODUCT(('Clockify Import'!H$5:H$216=A9)*'Clockify Import'!F$5:F$216)) -> 0 | F9: =IF(A9="","",D9-E9) | G9: =IF(OR(A9="",D9=0,D9=""),0,E9/D9) -> 0
A10: =IF(Projekte!B11="","",Projekte!B11) | B10: =IF(Projekte!C11="","",Projekte!C11) | C10: =IF(A10="","",Projekte!I11) | D10: =IF(A10="","",Projekte!E11) | E10: =IF(A10="",0,SUMPRODUCT(('Clockify Import'!H$5:H$216=A10)*'Clockify Import'!F$5:F$216)) -> 0 | F10: =IF(A10="","",D10-E10) | G10: =IF(OR(A10="",D10=0,D10=""),0,E10/D10) -> 0
A11: =IF(Projekte!B12="","",Projekte!B12) | B11: =IF(Projekte!C12="","",Projekte!C12) | C11: =IF(A11="","",Projekte!I12) | D11: =IF(A11="","",Projekte!E12) | E11: =IF(A11="",0,SUMPRODUCT(('Clockify Import'!H$5:H$216=A11)*'Clockify Import'!F$5:F$216)) -> 0 | F11: =IF(A11="","",D11-E11) | G11: =IF(OR(A11="",D11=0,D11=""),0,E11/D11) -> 0
A12: =IF(Projekte!B13="","",Projekte!B13) | B12: =IF(Projekte!C13="","",Projekte!C13) | C12: =IF(A12="","",Projekte!I13) | D12: =IF(A12="","",Projekte!E13) | E12: =IF(A12="",0,SUMPRODUCT(('Clockify Import'!H$5:H$216=A12)*'Clockify Import'!F$5:F$216)) -> 0 | F12: =IF(A12="","",D12-E12) | G12: =IF(OR(A12="",D12=0,D12=""),0,E12/D12) -> 0
A13: =IF(Projekte!B14="","",Projekte!B14) | B13: =IF(Projekte!C14="","",Projekte!C14) | C13: =IF(A13="","",Projekte!I14) | D13: =IF(A13="","",Projekte!E14) | E13: =IF(A13="",0,SUMPRODUCT(('Clockify Import'!H$5:H$216=A13)*'Clockify Import'!F$5:F$216)) -> 0 | F13: =IF(A13="","",D13-E13) | G13: =IF(OR(A13="",D13=0,D13=""),0,E13/D13) -> 0
A14: =IF(Projekte!B15="","",Projekte!B15) | B14: =IF(Projekte!C15="","",Projekte!C15) | C14: =IF(A14="","",Projekte!I15) | D14: =IF(A14="","",Projekte!E15) | E14: =IF(A14="",0,SUMPRODUCT(('Clockify Import'!H$5:H$216=A14)*'Clockify Import'!F$5:F$216)) -> 0 | F14: =IF(A14="","",D14-E14) | G14: =IF(OR(A14="",D14=0,D14=""),0,E14/D14) -> 0
A15: =IF(Projekte!B16="","",Projekte!B16) | B15: =IF(Projekte!C16="","",Projekte!C16) | C15: =IF(A15="","",Projekte!I16) | D15: =IF(A15="","",Projekte!E16) | E15: =IF(A15="",0,SUMPRODUCT(('Clockify Import'!H$5:H$216=A15)*'Clockify Import'!F$5:F$216)) -> 0 | F15: =IF(A15="","",D15-E15) | G15: =IF(OR(A15="",D15=0,D15=""),0,E15/D15) -> 0
... A23: =IF(Projekte!B24="","",Projekte!B24) | B23: =IF(Projekte!C24="","",Projekte!C24) | C23: =IF(A23="","",Projekte!I24) | D23: =IF(A23="","",Projekte!E24) | E23: =IF(A23="",0,SUMPRODUCT(('Clockify Import'!H$5:H$216=A23)*'Clockify Import'!F$5:F$216)) -> 0 | F23: =IF(A23="","",D23-E23) | G23: =IF(OR(A23="",D23=0,D23=""),0,E23/D23) -> 0

Sheet Kundenreport
A1: Kundenreport – Detaillierte Stundenübersicht
A2: Dieser Report kann direkt an den Kunden weitergegeben werden.
A4: Übersicht: Stunden pro Projekt und Monat
A6: Projekt | B6: Kunde | C6: Status | D6: 2026-01 | E6: 2026-02 | F6: 2026-03 | G6: 2026-04 | H6: 2026-05 | I6: 2026-06 | J6: 2026-07 | K6: 2026-08 | L6: 2026-09 | M6: 2026-10 | N6: 2026-11 | O6: 2026-12 | P6: Gesamt | Q6: Budget | R6: Rest
A7: =IF(Projekte!B5="","",Projekte!B5) -> Thees - Azure Migration Advisory & Implement | B7: =IF(Projekte!C5="","",Projekte!C5) -> Thees | C7: =IF(A7="","",Projekte!I5) -> Aktiv | D7: =IF($A7="",0,SUMPRODUCT(('Clockify Import'!G$5:G$216="2026-01")*('Clockify Import'!H$5:H$216=$A7)*'Clockify Import'!F$5:F$216)) -> 0 | E7: =IF($A7="",0,SUMPRODUCT(('Clockify Import'!G$5:G$216="2026-02")*('Clockify Import'!H$5:H$216=$A7)*'Clockify Import'!F$5:F$216)) -> 40 | F7: =IF($A7="",0,SUMPRODUCT(('Clockify Import'!G$5:G$216="2026-03")*('Clockify Import'!H$5:H$216=$A7)*'Clockify Import'!F$5:F$216)) -> 0 | G7: =IF($A7="",0,SUMPRODUCT(('Clockify Import'!G$5:G$216="2026-04")*('Clockify Import'!H$5:H$216=$A7)*'Clockify Import'!F$5:F$216)) -> 0 | H7: =IF($A7="",0,SUMPRODUCT(('Clockify Import'!G$5:G$216="2026-05")*('Clockify Import'!H$5:H$216=$A7)*'Clockify Import'!F$5:F$216)) -> 0 | I7: =IF($A7="",0,SUMPRODUCT(('Clockify Import'!G$5:G$216="2026-06")*('Clockify Import'!H$5:H$216=$A7)*'Clockify Import'!F$5:F$216)) -> 0 | J7: =IF($A7="",0,SUMPRODUCT(('Clockify Import'!G$5:G$216="2026-07")*('Clockify Import'!H$5:H$216=$A7)*'Clockify Import'!F$5:F$216)) -> 0 | K7: =IF($A7="",0,SUMPRODUCT(('Clockify Import'!G$5:G$216="2026-08")*('Clockify Import'!H$5:H$216=$A7)*'Clockify Import'!F$5:F$216)) -> 0 | L7: =IF($A7="",0,SUMPRODUCT(('Clockify Import'!G$5:G$216="2026-09")*('Clockify Import'!H$5:H$216=$A7)*'Clockify Import'!F$5:F$216)) -> 0 | M7: =IF($A7="",0,SUMPRODUCT(('Clockify Import'!G$5:G$216="2026-10")*('Clockify Import'!H$5:H$216=$A7)*'Clockify Import'!F$5:F$216)) -> 0 | N7: =IF($A7="",0,SUMPRODUCT(('Clockify Import'!G$5:G$216="2026-11")*('Clockify Import'!H$5:H$216=$A7)*'Clockify Import'!F$5:F$216)) -> 0 | O7: =IF($A7="",0,SUMPRODUCT(('Clockify Import'!G$5:G$216="2026-12")*('Clockify Import'!H$5:H$216=$A7)*'Clockify Import'!F$5:F$216)) -> 0 | P7: =SUM(D7:O7) -> 40 | Q7: =IF(A7="","",Projekte!E5) -> 40 | R7: =IF(A7="","",Q7-P7) -> 0
A8: =IF(Projekte!B6="","",Projekte!B6) | B8: =IF(Projekte!C6="","",Projekte!C6) | C8: =IF(A8="","",Projekte!I6) | D8: =IF($A8="",0,SUMPRODUCT(('Clockify Import'!G$5:G$216="2026-01")*('Clockify Import'!H$5:H$216=$A8)*'Clockify Import'!F$5:F$216)) -> 0 | E8: =IF($A8="",0,SUMPRODUCT(('Clockify Import'!G$5:G$216="2026-02")*('Clockify Import'!H$5:H$216=$A8)*'Clockify Import'!F$5:F$216)) -> 0 | F8: =IF($A8="",0,SUMPRODUCT(('Clockify Import'!G$5:G$216="2026-03")*('Clockify Import'!H$5:H$216=$A8)*'Clockify Import'!F$5:F$216)) -> 0 | G8: =IF($A8="",0,SUMPRODUCT(('Clockify Import'!G$5:G$216="2026-04")*('Clockify Import'!H$5:H$216=$A8)*'Clockify Import'!F$5:F$216)) -> 0 | H8: =IF($A8="",0,SUMPRODUCT(('Clockify Import'!G$5:G$216="2026-05")*('Clockify Import'!H$5:H$216=$A8)*'Clockify Import'!F$5:F$216)) -> 0 | I8: =IF($A8="",0,SUMPRODUCT(('Clockify Import'!G$5:G$216="2026-06")*('Clockify Import'!H$5:H$216=$A8)*'Clockify Import'!F$5:F$216)) -> 0 | J8: =IF($A8="",0,SUMPRODUCT(('Clockify Import'!G$5:G$216="2026-07")*('Clockify Import'!H$5:H$216=$A8)*'Clockify Import'!F$5:F$216)) -> 0 | K8: =IF($A8="",0,SUMPRODUCT(('Clockify Import'!G$5:G$216="2026-08")*('Clockify Import'!H$5:H$216=$A8)*'Clockify Import'!F$5:F$216)) -> 0 | L8: =IF($A8="",0,SUMPRODUCT(('Clockify Import'!G$5:G$216="2026-09")*('Clockify Import'!H$5:H$216=$A8)*'Clockify Import'!F$5:F$216)) -> 0 | M8: =IF($A8="",0,SUMPRODUCT(('Clockify Import'!G$5:G$216="2026-10")*('Clockify Import'!H$5:H$216=$A8)*'Clockify Import'!F$5:F$216)) -> 0 | N8: =IF($A8="",0,SUMPRODUCT(('Clockify Import'!G$5:G$216="2026-11")*('Clockify Import'!H$5:H$216=$A8)*'Clockify Import'!F$5:F$216)) -> 0 | O8: =IF($A8="",0,SUMPRODUCT(('Clockify Import'!G$5:G$216="2026-12")*('Clockify Import'!H$5:H$216=$A8)*'Clockify Import'!F$5:F$216)) -> 0 | P8: =SUM(D8:O8) -> 0 | Q8: =IF(A8="","",Projekte!E6) | R8: =IF(A8="","",Q8-P8)
A9: =IF(Projekte!B7="","",Projekte!B7) | B9: =IF(Projekte!C7="","",Projekte!C7) | C9: =IF(A9="","",Projekte!I7) | D9: =IF($A9="",0,SUMPRODUCT(('Clockify Import'!G$5:G$216="2026-01")*('Clockify Import'!H$5:H$216=$A9)*'Clockify Import'!F$5:F$216)) -> 0 | E9: =IF($A9="",0,SUMPRODUCT(('Clockify Import'!G$5:G$216="2026-02")*('Clockify Import'!H$5:H$216=$A9)*'Clockify Import'!F$5:F$216)) -> 0 | F9: =IF($A9="",0,SUMPRODUCT(('Clockify Import'!G$5:G$216="2026-03")*('Clockify Import'!H$5:H$216=$A9)*'Clockify Import'!F$5:F$216)) -> 0 | G9: =IF($A9="",0,SUMPRODUCT(('Clockify Import'!G$5:G$216="2026-04")*('Clockify Import'!H$5:H$216=$A9)*'Clockify Import'!F$5:F$216)) -> 0 | H9: =IF($A9="",0,SUMPRODUCT(('Clockify Import'!G$5:G$216="2026-05")*('Clockify Import'!H$5:H$216=$A9)*'Clockify Import'!F$5:F$216)) -> 0 | I9: =IF($A9="",0,SUMPRODUCT(('Clockify Import'!G$5:G$216="2026-06")*('Clockify Import'!H$5:H$216=$A9)*'Clockify Import'!F$5:F$216)) -> 0 | J9: =IF($A9="",0,SUMPRODUCT(('Clockify Import'!G$5:G$216="2026-07")*('Clockify Import'!H$5:H$216=$A9)*'Clockify Import'!F$5:F$216)) -> 0 | K9: =IF($A9="",0,SUMPRODUCT(('Clockify Import'!G$5:G$216="2026-08")*('Clockify Import'!H$5:H$216=$A9)*'Clockify Import'!F$5:F$216)) -> 0 | L9: =IF($A9="",0,SUMPRODUCT(('Clockify Import'!G$5:G$216="2026-09")*('Clockify Import'!H$5:H$216=$A9)*'Clockify Import'!F$5:F$216)) -> 0 | M9: =IF($A9="",0,SUMPRODUCT(('Clockify Import'!G$5:G$216="2026-10")*('Clockify Import'!H$5:H$216=$A9)*'Clockify Import'!F$5:F$216)) -> 0 | N9: =IF($A9="",0,SUMPRODUCT(('Clockify Import'!G$5:G$216="2026-11")*('Clockify Import'!H$5:H$216=$A9)*'Clockify Import'!F$5:F$216)) -> 0 | O9: =IF($A9="",0,SUMPRODUCT(('Clockify Import'!G$5:G$216="2026-12")*('Clockify Import'!H$5:H$216=$A9)*'Clockify Import'!F$5:F$216)) -> 0 | P9: =SUM(D9:O9) -> 0 | Q9: =IF(A9="","",Projekte!E7) | R9: =IF(A9="","",Q9-P9)
A10: =IF(Projekte!B8="","",Projekte!B8) | B10: =IF(Projekte!C8="","",Projekte!C8) | C10: =IF(A10="","",Projekte!I8) | D10: =IF($A10="",0,SUMPRODUCT(('Clockify Import'!G$5:G$216="2026-01")*('Clockify Import'!H$5:H$216=$A10)*'Clockify Import'!F$5:F$216)) -> 0 | E10: =IF($A10="",0,SUMPRODUCT(('Clockify Import'!G$5:G$216="2026-02")*('Clockify Import'!H$5:H$216=$A10)*'Clockify Import'!F$5:F$216)) -> 0 | F10: =IF($A10="",0,SUMPRODUCT(('Clockify Import'!G$5:G$216="2026-03")*('Clockify Import'!H$5:H$216=$A10)*'Clockify Import'!F$5:F$216)) -> 0 | G10: =IF($A10="",0,SUMPRODUCT(('Clockify Import'!G$5:G$216="2026-04")*('Clockify Import'!H$5:H$216=$A10)*'Clockify Import'!F$5:F$216)) -> 0 | H10: =IF($A10="",0,SUMPRODUCT(('Clockify Import'!G$5:G$216="2026-05")*('Clockify Import'!H$5:H$216=$A10)*'Clockify Import'!F$5:F$216)) -> 0 | I10: =IF($A10="",0,SUMPRODUCT(('Clockify Import'!G$5:G$216="2026-06")*('Clockify Import'!H$5:H$216=$A10)*'Clockify Import'!F$5:F$216)) -> 0 | J10: =IF($A10="",0,SUMPRODUCT(('Clockify Import'!G$5:G$216="2026-07")*('Clockify Import'!H$5:H$216=$A10)*'Clockify Import'!F$5:F$216)) -> 0 | K10: =IF($A10="",0,SUMPRODUCT(('Clockify Import'!G$5:G$216="2026-08")*('Clockify Import'!H$5:H$216=$A10)*'Clockify Import'!F$5:F$216)) -> 0 | L10: =IF($A10="",0,SUMPRODUCT(('Clockify Import'!G$5:G$216="2026-09")*('Clockify Import'!H$5:H$216=$A10)*'Clockify Import'!F$5:F$216)) -> 0 | M10: =IF($A10="",0,SUMPRODUCT(('Clockify Import'!G$5:G$216="2026-10")*('Clockify Import'!H$5:H$216=$A10)*'Clockify Import'!F$5:F$216)) -> 0 | N10: =IF($A10="",0,SUMPRODUCT(('Clockify Import'!G$5:G$216="2026-11")*('Clockify Import'!H$5:H$216=$A10)*'Clockify Import'!F$5:F$216)) -> 0 | O10: =IF($A10="",0,SUMPRODUCT(('Clockify Import'!G$5:G$216="2026-12")*('Clockify Import'!H$5:H$216=$A10)*'Clockify Import'!F$5:F$216)) -> 0 | P10: =SUM(D10:O10) -> 0 | Q10: =IF(A10="","",Projekte!E8) | R10: =IF(A10="","",Q10-P10)
A11: =IF(Projekte!B9="","",Projekte!B9) | B11: =IF(Projekte!C9="","",Projekte!C9) | C11: =IF(A11="","",Projekte!I9) | D11: =IF($A11="",0,SUMPRODUCT(('Clockify Import'!G$5:G$216="2026-01")*('Clockify Import'!H$5:H$216=$A11)*'Clockify Import'!F$5:F$216)) -> 0 | E11: =IF($A11="",0,SUMPRODUCT(('Clockify Import'!G$5:G$216="2026-02")*('Clockify Import'!H$5:H$216=$A11)*'Clockify Import'!F$5:F$216)) -> 0 | F11: =IF($A11="",0,SUMPRODUCT(('Clockify Import'!G$5:G$216="2026-03")*('Clockify Import'!H$5:H$216=$A11)*'Clockify Import'!F$5:F$216)) -> 0 | G11: =IF($A11="",0,SUMPRODUCT(('Clockify Import'!G$5:G$216="2026-04")*('Clockify Import'!H$5:H$216=$A11)*'Clockify Import'!F$5:F$216)) -> 0 | H11: =IF($A11="",0,SUMPRODUCT(('Clockify Import'!G$5:G$216="2026-05")*('Clockify Import'!H$5:H$216=$A11)*'Clockify Import'!F$5:F$216)) -> 0 | I11: =IF($A11="",0,SUMPRODUCT(('Clockify Import'!G$5:G$216="2026-06")*('Clockify Import'!H$5:H$216=$A11)*'Clockify Import'!F$5:F$216)) -> 0 | J11: =IF($A11="",0,SUMPRODUCT(('Clockify Import'!G$5:G$216="2026-07")*('Clockify Import'!H$5:H$216=$A11)*'Clockify Import'!F$5:F$216)) -> 0 | K11: =IF($A11="",0,SUMPRODUCT(('Clockify Import'!G$5:G$216="2026-08")*('Clockify Import'!H$5:H$216=$A11)*'Clockify Import'!F$5:F$216)) -> 0 | L11: =IF($A11="",0,SUMPRODUCT(('Clockify Import'!G$5:G$216="2026-09")*('Clockify Import'!H$5:H$216=$A11)*'Clockify Import'!F$5:F$216)) -> 0 | M11: =IF($A11="",0,SUMPRODUCT(('Clockify Import'!G$5:G$216="2026-10")*('Clockify Import'!H$5:H$216=$A11)*'Clockify Import'!F$5:F$216)) -> 0 | N11: =IF($A11="",0,SUMPRODUCT(('Clockify Import'!G$5:G$216="2026-11")*('Clockify Import'!H$5:H$216=$A11)*'Clockify Import'!F$5:F$216)) -> 0 | O11: =IF($A11="",0,SUMPRODUCT(('Clockify Import'!G$5:G$216="2026-12")*('Clockify Import'!H$5:H$216=$A11)*'Clockify Import'!F$5:F$216)) -> 0 | P11: =SUM(D11:O11) -> 0 | Q11: =IF(A11="","",Projekte!E9) | R11: =IF(A11="","",Q11-P11)
A12: =IF(Projekte!B10="","",Projekte!B10) | B12: =IF(Projekte!C10="","",Projekte!C10) | C12: =IF(A12="","",Projekte!I10) | D12: =IF($A12="",0,SUMPRODUCT(('Clockify Import'!G$5:G$216="2026-01")*('Clockify Import'!H$5:H$216=$A12)*'Clockify Import'!F$5:F$216)) -> 0 | E12: =IF($A12="",0,SUMPRODUCT(('Clockify Import'!G$5:G$216="2026-02")*('Clockify Import'!H$5:H$216=$A12)*'Clockify Import'!F$5:F$216)) -> 0 | F12: =IF($A12="",0,SUMPRODUCT(('Clockify Import'!G$5:G$216="2026-03")*('Clockify Import'!H$5:H$216=$A12)*'Clockify Import'!F$5:F$216)) -> 0 | G12: =IF($A12="",0,SUMPRODUCT(('Clockify Import'!G$5:G$216="2026-04")*('Clockify Import'!H$5:H$216=$A12)*'Clockify Import'!F$5:F$216)) -> 0 | H12: =IF($A12="",0,SUMPRODUCT(('Clockify Import'!G$5:G$216="2026-05")*('Clockify Import'!H$5:H$216=$A12)*'Clockify Import'!F$5:F$216)) -> 0 | I12: =IF($A12="",0,SUMPRODUCT(('Clockify Import'!G$5:G$216="2026-06")*('Clockify Import'!H$5:H$216=$A12)*'Clockify Import'!F$5:F$216)) -> 0 | J12: =IF($A12="",0,SUMPRODUCT(('Clockify Import'!G$5:G$216="2026-07")*('Clockify Import'!H$5:H$216=$A12)*'Clockify Import'!F$5:F$216)) -> 0 | K12: =IF($A12="",0,SUMPRODUCT(('Clockify Import'!G$5:G$216="2026-08")*('Clockify Import'!H$5:H$216=$A12)*'Clockify Import'!F$5:F$216)) -> 0 | L12: =IF($A12="",0,SUMPRODUCT(('Clockify Import'!G$5:G$216="2026-09")*('Clockify Import'!H$5:H$216=$A12)*'Clockify Import'!F$5:F$216)) -> 0 | M12: =IF($A12="",0,SUMPRODUCT(('Clockify Import'!G$5:G$216="2026-10")*('Clockify Import'!H$5:H$216=$A12)*'Clockify Import'!F$5:F$216)) -> 0 | N12: =IF($A12="",0,SUMPRODUCT(('Clockify Import'!G$5:G$216="2026-11")*('Clockify Import'!H$5:H$216=$A12)*'Clockify Import'!F$5:F$216)) -> 0 | O12: =IF($A12="",0,SUMPRODUCT(('Clockify Import'!G$5:G$216="2026-12")*('Clockify Import'!H$5:H$216=$A12)*'Clockify Import'!F$5:F$216)) -> 0 | P12: =SUM(D12:O12) -> 0 | Q12: =IF(A12="","",Projekte!E10) | R12: =IF(A12="","",Q12-P12)
A13: =IF(Projekte!B11="","",Projekte!B11) | B13: =IF(Projekte!C11="","",Projekte!C11) | C13: =IF(A13="","",Projekte!I11) | D13: =IF($A13="",0,SUMPRODUCT(('Clockify Import'!G$5:G$216="2026-01")*('Clockify Import'!H$5:H$216=$A13)*'Clockify Import'!F$5:F$216)) -> 0 | E13: =IF($A13="",0,SUMPRODUCT(('Clockify Import'!G$5:G$216="2026-02")*('Clockify Import'!H$5:H$216=$A13)*'Clockify Import'!F$5:F$216)) -> 0 | F13: =IF($A13="",0,SUMPRODUCT(('Clockify Import'!G$5:G$216="2026-03")*('Clockify Import'!H$5:H$216=$A13)*'Clockify Import'!F$5:F$216)) -> 0 | G13: =IF($A13="",0,SUMPRODUCT(('Clockify Import'!G$5:G$216="2026-04")*('Clockify Import'!H$5:H$216=$A13)*'Clockify Import'!F$5:F$216)) -> 0 | H13: =IF($A13="",0,SUMPRODUCT(('Clockify Import'!G$5:G$216="2026-05")*('Clockify Import'!H$5:H$216=$A13)*'Clockify Import'!F$5:F$216)) -> 0 | I13: =IF($A13="",0,SUMPRODUCT(('Clockify Import'!G$5:G$216="2026-06")*('Clockify Import'!H$5:H$216=$A13)*'Clockify Import'!F$5:F$216)) -> 0 | J13: =IF($A13="",0,SUMPRODUCT(('Clockify Import'!G$5:G$216="2026-07")*('Clockify Import'!H$5:H$216=$A13)*'Clockify Import'!F$5:F$216)) -> 0 | K13: =IF($A13="",0,SUMPRODUCT(('Clockify Import'!G$5:G$216="2026-08")*('Clockify Import'!H$5:H$216=$A13)*'Clockify Import'!F$5:F$216)) -> 0 | L13: =IF($A13="",0,SUMPRODUCT(('Clockify Import'!G$5:G$216="2026-09")*('Clockify Import'!H$5:H$216=$A13)*'Clockify Import'!F$5:F$216)) -> 0 | M13: =IF($A13="",0,SUMPRODUCT(('Clockify Import'!G$5:G$216="2026-10")*('Clockify Import'!H$5:H$216=$A13)*'Clockify Import'!F$5:F$216)) -> 0 | N13: =IF($A13="",0,SUMPRODUCT(('Clockify Import'!G$5:G$216="2026-11")*('Clockify Import'!H$5:H$216=$A13)*'Clockify Import'!F$5:F$216)) -> 0 | O13: =IF($A13="",0,SUMPRODUCT(('Clockify Import'!G$5:G$216="2026-12")*('Clockify Import'!H$5:H$216=$A13)*'Clockify Import'!F$5:F$216)) -> 0 | P13: =SUM(D13:O13) -> 0 | Q13: =IF(A13="","",Projekte!E11) | R13: =IF(A13="","",Q13-P13)
A14: =IF(Projekte!B12="","",Projekte!B12) | B14: =IF(Projekte!C12="","",Projekte!C12) | C14: =IF(A14="","",Projekte!I12) | D14: =IF($A14="",0,SUMPRODUCT(('Clockify Import'!G$5:G$216="2026-01")*('Clockify Import'!H$5:H$216=$A14)*'Clockify Import'!F$5:F$216)) -> 0 | E14: =IF($A14="",0,SUMPRODUCT(('Clockify Import'!G$5:G$216="2026-02")*('Clockify Import'!H$5:H$216=$A14)*'Clockify Import'!F$5:F$216)) -> 0 | F14: =IF($A14="",0,SUMPRODUCT(('Clockify Import'!G$5:G$216="2026-03")*('Clockify Import'!H$5:H$216=$A14)*'Clockify Import'!F$5:F$216)) -> 0 | G14: =IF($A14="",0,SUMPRODUCT(('Clockify Import'!G$5:G$216="2026-04")*('Clockify Import'!H$5:H$216=$A14)*'Clockify Import'!F$5:F$216)) -> 0 | H14: =IF($A14="",0,SUMPRODUCT(('Clockify Import'!G$5:G$216="2026-05")*('Clockify Import'!H$5:H$216=$A14)*'Clockify Import'!F$5:F$216)) -> 0 | I14: =IF($A14="",0,SUMPRODUCT(('Clockify Import'!G$5:G$216="2026-06")*('Clockify Import'!H$5:H$216=$A14)*'Clockify Import'!F$5:F$216)) -> 0 | J14: =IF($A14="",0,SUMPRODUCT(('Clockify Import'!G$5:G$216="2026-07")*('Clockify Import'!H$5:H$216=$A14)*'Clockify Import'!F$5:F$216)) -> 0 | K14: =IF($A14="",0,SUMPRODUCT(('Clockify Import'!G$5:G$216="2026-08")*('Clockify Import'!H$5:H$216=$A14)*'Clockify Import'!F$5:F$216)) -> 0 | L14: =IF($A14="",0,SUMPRODUCT(('Clockify Import'!G$5:G$216="2026-09")*('Clockify Import'!H$5:H$216=$A14)*'Clockify Import'!F$5:F$216)) -> 0 | M14: =IF($A14="",0,SUMPRODUCT(('Clockify Import'!G$5:G$216="2026-10")*('Clockify Import'!H$5:H$216=$A14)*'Clockify Import'!F$5:F$216)) -> 0 | N14: =IF($A14="",0,SUMPRODUCT(('Clockify Import'!G$5:G$216="2026-11")*('Clockify Import'!H$5:H$216=$A14)*'Clockify Import'!F$5:F$216)) -> 0 | O14: =IF($A14="",0,SUMPRODUCT(('Clockify Import'!G$5:G$216="2026-12")*('Clockify Import'!H$5:H$216=$A14)*'Clockify Import'!F$5:F$216)) -> 0 | P14: =SUM(D14:O14) -> 0 | Q14: =IF(A14="","",Projekte!E12) | R14: =IF(A14="","",Q14-P14)
A15: =IF(Projekte!B13="","",Projekte!B13) | B15: =IF(Projekte!C13="","",Projekte!C13) | C15: =IF(A15="","",Projekte!I13) | D15: =IF($A15="",0,SUMPRODUCT(('Clockify Import'!G$5:G$216="2026-01")*('Clockify Import'!H$5:H$216=$A15)*'Clockify Import'!F$5:F$216)) -> 0 | E15: =IF($A15="",0,SUMPRODUCT(('Clockify Import'!G$5:G$216="2026-02")*('Clockify Import'!H$5:H$216=$A15)*'Clockify Import'!F$5:F$216)) -> 0 | F15: =IF($A15="",0,SUMPRODUCT(('Clockify Import'!G$5:G$216="2026-03")*('Clockify Import'!H$5:H$216=$A15)*'Clockify Import'!F$5:F$216)) -> 0 | G15: =IF($A15="",0,SUMPRODUCT(('Clockify Import'!G$5:G$216="2026-04")*('Clockify Import'!H$5:H$216=$A15)*'Clockify Import'!F$5:F$216)) -> 0 | H15: =IF($A15="",0,SUMPRODUCT(('Clockify Import'!G$5:G$216="2026-05")*('Clockify Import'!H$5:H$216=$A15)*'Clockify Import'!F$5:F$216)) -> 0 | I15: =IF($A15="",0,SUMPRODUCT(('Clockify Import'!G$5:G$216="2026-06")*('Clockify Import'!H$5:H$216=$A15)*'Clockify Import'!F$5:F$216)) -> 0 | J15: =IF($A15="",0,SUMPRODUCT(('Clockify Import'!G$5:G$216="2026-07")*('Clockify Import'!H$5:H$216=$A15)*'Clockify Import'!F$5:F$216)) -> 0 | K15: =IF($A15="",0,SUMPRODUCT(('Clockify Import'!G$5:G$216="2026-08")*('Clockify Import'!H$5:H$216=$A15)*'Clockify Import'!F$5:F$216)) -> 0 | L15: =IF($A15="",0,SUMPRODUCT(('Clockify Import'!G$5:G$216="2026-09")*('Clockify Import'!H$5:H$216=$A15)*'Clockify Import'!F$5:F$216)) -> 0 | M15: =IF($A15="",0,SUMPRODUCT(('Clockify Import'!G$5:G$216="2026-10")*('Clockify Import'!H$5:H$216=$A15)*'Clockify Import'!F$5:F$216)) -> 0 | N15: =IF($A15="",0,SUMPRODUCT(('Clockify Import'!G$5:G$216="2026-11")*('Clockify Import'!H$5:H$216=$A15)*'Clockify Import'!F$5:F$216)) -> 0 | O15: =IF($A15="",0,SUMPRODUCT(('Clockify Import'!G$5:G$216="2026-12")*('Clockify Import'!H$5:H$216=$A15)*'Clockify Import'!F$5:F$216)) -> 0 | P15: =SUM(D15:O15) -> 0 | Q15: =IF(A15="","",Projekte!E13) | R15: =IF(A15="","",Q15-P15)
A16: =IF(Projekte!B14="","",Projekte!B14) | B16: =IF(Projekte!C14="","",Projekte!C14) | C16: =IF(A16="","",Projekte!I14) | D16: =IF($A16="",0,SUMPRODUCT(('Clockify Import'!G$5:G$216="2026-01")*('Clockify Import'!H$5:H$216=$A16)*'Clockify Import'!F$5:F$216)) -> 0 | E16: =IF($A16="",0,SUMPRODUCT(('Clockify Import'!G$5:G$216="2026-02")*('Clockify Import'!H$5:H$216=$A16)*'Clockify Import'!F$5:F$216)) -> 0 | F16: =IF($A16="",0,SUMPRODUCT(('Clockify Import'!G$5:G$216="2026-03")*('Clockify Import'!H$5:H$216=$A16)*'Clockify Import'!F$5:F$216)) -> 0 | G16: =IF($A16="",0,SUMPRODUCT(('Clockify Import'!G$5:G$216="2026-04")*('Clockify Import'!H$5:H$216=$A16)*'Clockify Import'!F$5:F$216)) -> 0 | H16: =IF($A16="",0,SUMPRODUCT(('Clockify Import'!G$5:G$216="2026-05")*('Clockify Import'!H$5:H$216=$A16)*'Clockify Import'!F$5:F$216)) -> 0 | I16: =IF($A16="",0,SUMPRODUCT(('Clockify Import'!G$5:G$216="2026-06")*('Clockify Import'!H$5:H$216=$A16)*'Clockify Import'!F$5:F$216)) -> 0 | J16: =IF($A16="",0,SUMPRODUCT(('Clockify Import'!G$5:G$216="2026-07")*('Clockify Import'!H$5:H$216=$A16)*'Clockify Import'!F$5:F$216)) -> 0 | K16: =IF($A16="",0,SUMPRODUCT(('Clockify Import'!G$5:G$216="2026-08")*('Clockify Import'!H$5:H$216=$A16)*'Clockify Import'!F$5:F$216)) -> 0 | L16: =IF($A16="",0,SUMPRODUCT(('Clockify Import'!G$5:G$216="2026-09")*('Clockify Import'!H$5:H$216=$A16)*'Clockify Import'!F$5:F$216)) -> 0 | M16: =IF($A16="",0,SUMPRODUCT(('Clockify Import'!G$5:G$216="2026-10")*('Clockify Import'!H$5:H$216=$A16)*'Clockify Import'!F$5:F$216)) -> 0 | N16: =IF($A16="",0,SUMPRODUCT(('Clockify Import'!G$5:G$216="2026-11")*('Clockify Import'!H$5:H$216=$A16)*'Clockify Import'!F$5:F$216)) -> 0 | O16: =IF($A16="",0,SUMPRODUCT(('Clockify Import'!G$5:G$216="2026-12")*('Clockify Import'!H$5:H$216=$A16)*'Clockify Import'!F$5:F$216)) -> 0 | P16: =SUM(D16:O16) -> 0 | Q16: =IF(A16="","",Projekte!E14) | R16: =IF(A16="","",Q16-P16)
A17: =IF(Projekte!B15="","",Projekte!B15) | B17: =IF(Projekte!C15="","",Projekte!C15) | C17: =IF(A17="","",Projekte!I15) | D17: =IF($A17="",0,SUMPRODUCT(('Clockify Import'!G$5:G$216="2026-01")*('Clockify Import'!H$5:H$216=$A17)*'Clockify Import'!F$5:F$216)) -> 0 | E17: =IF($A17="",0,SUMPRODUCT(('Clockify Import'!G$5:G$216="2026-02")*('Clockify Import'!H$5:H$216=$A17)*'Clockify Import'!F$5:F$216)) -> 0 | F17: =IF($A17="",0,SUMPRODUCT(('Clockify Import'!G$5:G$216="2026-03")*('Clockify Import'!H$5:H$216=$A17)*'Clockify Import'!F$5:F$216)) -> 0 | G17: =IF($A17="",0,SUMPRODUCT(('Clockify Import'!G$5:G$216="2026-04")*('Clockify Import'!H$5:H$216=$A17)*'Clockify Import'!F$5:F$216)) -> 0 | H17: =IF($A17="",0,SUMPRODUCT(('Clockify Import'!G$5:G$216="2026-05")*('Clockify Import'!H$5:H$216=$A17)*'Clockify Import'!F$5:F$216)) -> 0 | I17: =IF($A17="",0,SUMPRODUCT(('Clockify Import'!G$5:G$216="2026-06")*('Clockify Import'!H$5:H$216=$A17)*'Clockify Import'!F$5:F$216)) -> 0 | J17: =IF($A17="",0,SUMPRODUCT(('Clockify Import'!G$5:G$216="2026-07")*('Clockify Import'!H$5:H$216=$A17)*'Clockify Import'!F$5:F$216)) -> 0 | K17: =IF($A17="",0,SUMPRODUCT(('Clockify Import'!G$5:G$216="2026-08")*('Clockify Import'!H$5:H$216=$A17)*'Clockify Import'!F$5:F$216)) -> 0 | L17: =IF($A17="",0,SUMPRODUCT(('Clockify Import'!G$5:G$216="2026-09")*('Clockify Import'!H$5:H$216=$A17)*'Clockify Import'!F$5:F$216)) -> 0 | M17: =IF($A17="",0,SUMPRODUCT(('Clockify Import'!G$5:G$216="2026-10")*('Clockify Import'!H$5:H$216=$A17)*'Clockify Import'!F$5:F$216)) -> 0 | N17: =IF($A17="",0,SUMPRODUCT(('Clockify Import'!G$5:G$216="2026-11")*('Clockify Import'!H$5:H$216=$A17)*'Clockify Import'!F$5:F$216)) -> 0 | O17: =IF($A17="",0,SUMPRODUCT(('Clockify Import'!G$5:G$216="2026-12")*('Clockify Import'!H$5:H$216=$A17)*'Clockify Import'!F$5:F$216)) -> 0 | P17: =SUM(D17:O17) -> 0 | Q17: =IF(A17="","",Projekte!E15) | R17: =IF(A17="","",Q17-P17)
A18: =IF(Projekte!B16="","",Projekte!B16) | B18: =IF(Projekte!C16="","",Projekte!C16) | C18: =IF(A18="","",Projekte!I16) | D18: =IF($A18="",0,SUMPRODUCT(('Clockify Import'!G$5:G$216="2026-01")*('Clockify Import'!H$5:H$216=$A18)*'Clockify Import'!F$5:F$216)) -> 0 | E18: =IF($A18="",0,SUMPRODUCT(('Clockify Import'!G$5:G$216="2026-02")*('Clockify Import'!H$5:H$216=$A18)*'Clockify Import'!F$5:F$216)) -> 0 | F18: =IF($A18="",0,SUMPRODUCT(('Clockify Import'!G$5:G$216="2026-03")*('Clockify Import'!H$5:H$216=$A18)*'Clockify Import'!F$5:F$216)) -> 0 | G18: =IF($A18="",0,SUMPRODUCT(('Clockify Import'!G$5:G$216="2026-04")*('Clockify Import'!H$5:H$216=$A18)*'Clockify Import'!F$5:F$216)) -> 0 | H18: =IF($A18="",0,SUMPRODUCT(('Clockify Import'!G$5:G$216="2026-05")*('Clockify Import'!H$5:H$216=$A18)*'Clockify Import'!F$5:F$216)) -> 0 | I18: =IF($A18="",0,SUMPRODUCT(('Clockify Import'!G$5:G$216="2026-06")*('Clockify Import'!H$5:H$216=$A18)*'Clockify Import'!F$5:F$216)) -> 0 | J18: =IF($A18="",0,SUMPRODUCT(('Clockify Import'!G$5:G$216="2026-07")*('Clockify Import'!H$5:H$216=$A18)*'Clockify Import'!F$5:F$216)) -> 0 | K18: =IF($A18="",0,SUMPRODUCT(('Clockify Import'!G$5:G$216="2026-08")*('Clockify Import'!H$5:H$216=$A18)*'Clockify Import'!F$5:F$216)) -> 0 | L18: =IF($A18="",0,SUMPRODUCT(('Clockify Import'!G$5:G$216="2026-09")*('Clockify Import'!H$5:H$216=$A18)*'Clockify Import'!F$5:F$216)) -> 0 | M18: =IF($A18="",0,SUMPRODUCT(('Clockify Import'!G$5:G$216="2026-10")*('Clockify Import'!H$5:H$216=$A18)*'Clockify Import'!F$5:F$216)) -> 0 | N18: =IF($A18="",0,SUMPRODUCT(('Clockify Import'!G$5:G$216="2026-11")*('Clockify Import'!H$5:H$216=$A18)*'Clockify Import'!F$5:F$216)) -> 0 | O18: =IF($A18="",0,SUMPRODUCT(('Clockify Import'!G$5:G$216="2026-12")*('Clockify Import'!H$5:H$216=$A18)*'Clockify Import'!F$5:F$216)) -> 0 | P18: =SUM(D18:O18) -> 0 | Q18: =IF(A18="","",Projekte!E16) | R18: =IF(A18="","",Q18-P18)
... A26: =IF(Projekte!B24="","",Projekte!B24) | B26: =IF(Projekte!C24="","",Projekte!C24) | C26: =IF(A26="","",Projekte!I24) | D26: =IF($A26="",0,SUMPRODUCT(('Clockify Import'!G$5:G$216="2026-01")*('Clockify Import'!H$5:H$216=$A26)*'Clockify Import'!F$5:F$216)) -> 0 | E26: =IF($A26="",0,SUMPRODUCT(('Clockify Import'!G$5:G$216="2026-02")*('Clockify Import'!H$5:H$216=$A26)*'Clockify Import'!F$5:F$216)) -> 0 | F26: =IF($A26="",0,SUMPRODUCT(('Clockify Import'!G$5:G$216="2026-03")*('Clockify Import'!H$5:H$216=$A26)*'Clockify Import'!F$5:F$216)) -> 0 | G26: =IF($A26="",0,SUMPRODUCT(('Clockify Import'!G$5:G$216="2026-04")*('Clockify Import'!H$5:H$216=$A26)*'Clockify Import'!F$5:F$216)) -> 0 | H26: =IF($A26="",0,SUMPRODUCT(('Clockify Import'!G$5:G$216="2026-05")*('Clockify Import'!H$5:H$216=$A26)*'Clockify Import'!F$5:F$216)) -> 0 | I26: =IF($A26="",0,SUMPRODUCT(('Clockify Import'!G$5:G$216="2026-06")*('Clockify Import'!H$5:H$216=$A26)*'Clockify Import'!F$5:F$216)) -> 0 | J26: =IF($A26="",0,SUMPRODUCT(('Clockify Import'!G$5:G$216="2026-07")*('Clockify Import'!H$5:H$216=$A26)*'Clockify Import'!F$5:F$216)) -> 0 | K26: =IF($A26="",0,SUMPRODUCT(('Clockify Import'!G$5:G$216="2026-08")*('Clockify Import'!H$5:H$216=$A26)*'Clockify Import'!F$5:F$216)) -> 0 | L26: =IF($A26="",0,SUMPRODUCT(('Clockify Import'!G$5:G$216="2026-09")*('Clockify Import'!H$5:H$216=$A26)*'Clockify Import'!F$5:F$216)) -> 0 | M26: =IF($A26="",0,SUMPRODUCT(('Clockify Import'!G$5:G$216="2026-10")*('Clockify Import'!H$5:H$216=$A26)*'Clockify Import'!F$5:F$216)) -> 0 | N26: =IF($A26="",0,SUMPRODUCT(('Clockify Import'!G$5:G$216="2026-11")*('Clockify Import'!H$5:H$216=$A26)*'Clockify Import'!F$5:F$216)) -> 0 | O26: =IF($A26="",0,SUMPRODUCT(('Clockify Import'!G$5:G$216="2026-12")*('Clockify Import'!H$5:H$216=$A26)*'Clockify Import'!F$5:F$216)) -> 0 | P26: =SUM(D26:O26) -> 0 | Q26: =IF(A26="","",Projekte!E24) | R26: =IF(A26="","",Q26-P26)
A30: Detail: Einzelne Zeiteinträge
A31: Datum | B31: Projekt | C31: Kunde | D31: Mitarbeiter | E31: Stunden
A32: =IF('Clockify Import'!A5="","",'Clockify Import'!E5) -> 46072 | B32: =IF('Clockify Import'!A5="","",'Clockify Import'!H5) -> Thees - Azure Migration Advisory & Implement | C32: =IF('Clockify Import'!A5="","",'Clockify Import'!B5) -> Thees | D32: =IF('Clockify Import'!A5="","",'Clockify Import'!D5) -> Montserrat Graell | E32: =IF('Clockify Import'!A5="","",'Clockify Import'!F5) -> 3
A33: =IF('Clockify Import'!A6="","",'Clockify Import'!E6) -> 46071 | B33: =IF('Clockify Import'!A6="","",'Clockify Import'!H6) -> Thees - Azure Migration Advisory & Implement | C33: =IF('Clockify Import'!A6="","",'Clockify Import'!B6) -> Thees | D33: =IF('Clockify Import'!A6="","",'Clockify Import'!D6) -> Montserrat Graell | E33: =IF('Clockify Import'!A6="","",'Clockify Import'!F6) -> 3
A34: =IF('Clockify Import'!A7="","",'Clockify Import'!E7) -> 46070 | B34: =IF('Clockify Import'!A7="","",'Clockify Import'!H7) -> Thees - Azure Migration Advisory & Implement | C34: =IF('Clockify Import'!A7="","",'Clockify Import'!B7) -> Thees | D34: =IF('Clockify Import'!A7="","",'Clockify Import'!D7) -> Montserrat Graell | E34: =IF('Clockify Import'!A7="","",'Clockify Import'!F7) -> 3
A35: =IF('Clockify Import'!A8="","",'Clockify Import'!E8) -> 46069 | B35: =IF('Clockify Import'!A8="","",'Clockify Import'!H8) -> Thees - Azure Migration Advisory & Implement | C35: =IF('Clockify Import'!A8="","",'Clockify Import'!B8) -> Thees | D35: =IF('Clockify Import'!A8="","",'Clockify Import'!D8) -> Montserrat Graell | E35: =IF('Clockify Import'!A8="","",'Clockify Import'!F8) -> 3
A36: =IF('Clockify Import'!A9="","",'Clockify Import'!E9) -> 46066 | B36: =IF('Clockify Import'!A9="","",'Clockify Import'!H9) -> Thees - Azure Migration Advisory & Implement | C36: =IF('Clockify Import'!A9="","",'Clockify Import'!B9) -> Thees | D36: =IF('Clockify Import'!A9="","",'Clockify Import'!D9) -> Montserrat Graell | E36: =IF('Clockify Import'!A9="","",'Clockify Import'!F9) -> 2
A37: =IF('Clockify Import'!A10="","",'Clockify Import'!E10) -> 46064 | B37: =IF('Clockify Import'!A10="","",'Clockify Import'!H10) -> Thees - Azure Migration Advisory & Implement | C37: =IF('Clockify Import'!A10="","",'Clockify Import'!B10) -> Thees | D37: =IF('Clockify Import'!A10="","",'Clockify Import'!D10) -> Montserrat Graell | E37: =IF('Clockify Import'!A10="","",'Clockify Import'!F10) -> 3
A38: =IF('Clockify Import'!A11="","",'Clockify Import'!E11) -> 46062 | B38: =IF('Clockify Import'!A11="","",'Clockify Import'!H11) -> Thees - Azure Migration Advisory & Implement | C38: =IF('Clockify Import'!A11="","",'Clockify Import'!B11) -> Thees | D38: =IF('Clockify Import'!A11="","",'Clockify Import'!D11) -> Montserrat Graell | E38: =IF('Clockify Import'!A11="","",'Clockify Import'!F11) -> 3
A39: =IF('Clockify Import'!A12="","",'Clockify Import'!E12) -> 46059 | B39: =IF('Clockify Import'!A12="","",'Clockify Import'!H12) -> Thees - Azure Migration Advisory & Implement | C39: =IF('Clockify Import'!A12="","",'Clockify Import'!B12) -> Thees | D39: =IF('Clockify Import'!A12="","",'Clockify Import'!D12) -> Montserrat Graell | E39: =IF('Clockify Import'!A12="","",'Clockify Import'!F12) -> 4
A40: =IF('Clockify Import'!A13="","",'Clockify Import'!E13) -> 46058 | B40: =IF('Clockify Import'!A13="","",'Clockify Import'!H13) -> Thees - Azure Migration Advisory & Implement | C40: =IF('Clockify Import'!A13="","",'Clockify Import'!B13) -> Thees | D40: =IF('Clockify Import'!A13="","",'Clockify Import'!D13) -> Montserrat Graell | E40: =IF('Clockify Import'!A13="","",'Clockify Import'!F13) -> 4
A41: =IF('Clockify Import'!A14="","",'Clockify Import'!E14) -> 46057 | B41: =IF('Clockify Import'!A14="","",'Clockify Import'!H14) -> Thees - Azure Migration Advisory & Implement | C41: =IF('Clockify Import'!A14="","",'Clockify Import'!B14) -> Thees | D41: =IF('Clockify Import'!A14="","",'Clockify Import'!D14) -> Montserrat Graell | E41: =IF('Clockify Import'!A14="","",'Clockify Import'!F14) -> 4
A42: =IF('Clockify Import'!A15="","",'Clockify Import'!E15) -> 46056 | B42: =IF('Clockify Import'!A15="","",'Clockify Import'!H15) -> Thees - Azure Migration Advisory & Implement | C42: =IF('Clockify Import'!A15="","",'Clockify Import'!B15) -> Thees | D42: =IF('Clockify Import'!A15="","",'Clockify Import'!D15) -> Montserrat Graell | E42: =IF('Clockify Import'!A15="","",'Clockify Import'!F15) -> 4
A43: =IF('Clockify Import'!A16="","",'Clockify Import'!E16) -> 46055 | B43: =IF('Clockify Import'!A16="","",'Clockify Import'!H16) -> Thees - Azure Migration Advisory & Implement | C43: =IF('Clockify Import'!A16="","",'Clockify Import'!B16) -> Thees | D43: =IF('Clockify Import'!A16="","",'Clockify Import'!D16) -> Montserrat Graell | E43: =IF('Clockify Import'!A16="","",'Clockify Import'!F16) -> 4
... A231: =IF('Clockify Import'!A204="","",'Clockify Import'!E204) | B231: =IF('Clockify Import'!A204="","",'Clockify Import'!H204) | C231: =IF('Clockify Import'!A204="","",'Clockify Import'!B204) | D231: =IF('Clockify Import'!A204="","",'Clockify Import'!D204) | E231: =IF('Clockify Import'!A204="","",'Clockify Import'!F204)

Sheet Anleitung
A1: Pre-Sales Bonus Tracker – Anleitung
A3: 1. PROJEKTE ANLEGEN
A4: → Tab "Projekte": Projekt-ID, Name, Kunde, Deal Value und Budget Stunden eintragen.
A5: → Die Projekt-ID muss im Clockify-Projektnamen enthalten sein (z.B. "430980254956").
A6: → Stundensatz, Bonus/Stunde werden automatisch berechnet.
A7: → Status auf "Aktiv", "Pausiert" oder "Abgeschlossen" setzen.
A8: → Abgeschlossene Projekte werden in allen Tabs grau hinterlegt.
A10: 2. CLOCKIFY IMPORT (Detaillierter Report)
A11: → Exportiere in Clockify: Reports → Detailed → Export CSV.
A12: → Kopiere die Daten (OHNE Header) in den Tab "Clockify Import" unter die bestehenden Einträge.
A13: → Benötigte Spalten: A=Projekt, B=Kunde, C=Beschreibung, D=Mitarbeiter, E=Datum, F=Dauer(dezimal).
A14: → Spalte G (Monat) und H-I (Projekt-Match) werden automatisch aus dem Datum/Projektnamen berechnet.
... A35: → Stunden und Bonus bleiben erhalten, werden aber in der aktiven Zusammenfassung nicht mehr gezählt.
